title,artist,album,id
Ki,C418,Minecraft - Volume Beta,6nCW5Ju2Yo3zCFKNYtNQvA
Alpha,C418,Minecraft - Volume Beta,0RZfz4zLlFb1lNtoEr7yDR
Dead Voxel,C418,Minecraft - Volume Beta,36Cv84a2qCZarCdtTcMJnj
Blind Spots,C418,Minecraft - Volume Beta,6K8HUxHtrxGKUJxY6lEQy0
Flake,C418,Minecraft - Volume Beta,1FOlGfdJdsq6NppmPNqdmb
Moog City 2,C418,Minecraft - Volume Beta,1kKaRzjW8OiGLriIdpXHT1
Concrete Halls,C418,Minecraft - Volume Beta,29ZFiPARacZoV5PqH2ykJl
Biome Fest,C418,Minecraft - Volume Beta,7ozOcSZlwhqqdrCVJiwbpp
Mutation,C418,Minecraft - Volume Beta,0G6qJsqHP0Bbe5XuRjxGQq
Haunt Muskie,C418,Minecraft - Volume Beta,3ldyywwove50bW6LR2SYvE
Warmth,C418,Minecraft - Volume Beta,1XFTFxXdb4bsdFDDcxXaxE
Floating Trees,C418,Minecraft - Volume Beta,1mYAxcDROLJxGF6Q3W5mj9
Aria Math,C418,Minecraft - Volume Beta,4K0odcECsBvgzv9Lr9z4kd
Kyoto,C418,Minecraft - Volume Beta,1goLLB3LX9bNeVsFeRY5ho
Ballad of the Cats,C418,Minecraft - Volume Beta,2itBJTmhXvA2cInJ9aC7J6
Taswell,C418,Minecraft - Volume Beta,6PwVnlNwVKGD18lWNCh1It
Beginning 2,C418,Minecraft - Volume Beta,4JusUA5PJZAYOurOAlm0FG
Dreiton,C418,Minecraft - Volume Beta,0lEikZP9JffOW4sufCKtQO
The End,C418,Minecraft - Volume Beta,3CaUrp1M3f4mDNI2IBbodz
Chirp,C418,Minecraft - Volume Beta,1cjYtL6yMFDLyZYn9bDkGo
Wait,C418,Minecraft - Volume Beta,5jETlbplk10X3x5n7mCPBL
Mellohi,C418,Minecraft - Volume Beta,4gJWOPtNwTZOZNbAMMAK4m
Stal,C418,Minecraft - Volume Beta,3YJtGYHVxcUa6EMSqHtIiW
Strad,C418,Minecraft - Volume Beta,6jdrVuAbbvcEbUXy1V2HxM
Ward,C418,Minecraft - Volume Beta,02qaPvngBKTnUrNOx3v7Mq
Mall,C418,Minecraft - Volume Beta,5WmQhFA7VWlPDptFFtY32l
Blocks,C418,Minecraft - Volume Beta,7MiAqHRKJRw9mYjIAcvOIe
Far,C418,Minecraft - Volume Beta,7tL9xxvZY4C8rx5EKfHIVU
Intro,C418,Minecraft - Volume Beta,6MFoqu0qP9MNxj7UgYaxpD
Key,C418,Minecraft - Volume Alpha,7K7E7LKK51PezScgsvVg9Y
Door,C418,Minecraft - Volume Alpha,6PR3ZUCnxtQTEu30qgZLwT
Subwoofer Lullaby,C418,Minecraft - Volume Alpha,1OJxI8lIWRqBvouJxW1nzN
Living Mice,C418,Minecraft - Volume Alpha,4x79cjezqX3yd15rSrAVFF
Moog City,C418,Minecraft - Volume Alpha,4Ar3oSp4bAw5gz22F70GM7
Haggstrom,C418,Minecraft - Volume Alpha,4RROfcxQXFIwW0ugcZfdC4
Minecraft,C418,Minecraft - Volume Alpha,6xwhCiWXREsAIQVZqHswVw
Oxygène,C418,Minecraft - Volume Alpha,3sbcAG3y97g63yDSVMf38o
Équinoxe,C418,Minecraft - Volume Alpha,37WtwAa4PzRprHMp7Esdds
Mice On Venus,C418,Minecraft - Volume Alpha,5fqjfiMOFapIb8uFcxBStH
Dry Hands,C418,Minecraft - Volume Alpha,1gNcPHAiVIQZmqJFJdt3ti
Wet Hands,C418,Minecraft - Volume Alpha,1tinoQpYXzpZDrb0BjK1e7
Clark,C418,Minecraft - Volume Alpha,4o0YiMA52IzmOn5yIdIhu5
Chris,C418,Minecraft - Volume Alpha,3zWC1keGhHYD7omS4If9TD
Excuse,C418,Minecraft - Volume Alpha,2FD2StPTst6uMJF7cHBbP0
Sweden,C418,Minecraft - Volume Alpha,4NsPgRYUdHu2Q5JRNgXYU5
Cat,C418,Minecraft - Volume Alpha,23uNiVgsIgoHC7eLet3kCI
Dog,C418,Minecraft - Volume Alpha,4YLXjoYmRGIXstTLtloHf2
Danny,C418,Minecraft - Volume Alpha,2Au50d6aZrsYrbxQzDjjYW
Beginning,C418,Minecraft - Volume Alpha,4B3RbRUP0fl2KxaBWVUfo9
Stand Tall,"Lena Raine, Minecraft",Minecraft: Caves & Cliffs (Original Game Soundtrack),7sWxofVkxgpgMIPWec2oMb
Left to Bloom,"Lena Raine, Minecraft",Minecraft: Caves & Cliffs (Original Game Soundtrack),3xQTOq9Cr59SREne25OT1D
Ancestry,"Lena Raine, Minecraft",Minecraft: Caves & Cliffs (Original Game Soundtrack),36gp2gh2WU2M3KQLYQzXb0
Wending,"Lena Raine, Minecraft",Minecraft: Caves & Cliffs (Original Game Soundtrack),290pS6tFpVWWQ27cyzvHrL
Infinite Amethyst,"Lena Raine, Minecraft",Minecraft: Caves & Cliffs (Original Game Soundtrack),3Vkyy6CB4UDEvFncUBc53z
One More Day,"Lena Raine, Minecraft",Minecraft: Caves & Cliffs (Original Game Soundtrack),44SxJEUxVcs2PoUV476yst
otherside,"Lena Raine, Minecraft",Minecraft: Caves & Cliffs (Original Game Soundtrack),4PtJNlcpEGyNAkYy44m5fI
Floating Dream,"Kumi Tanioka, Minecraft",Minecraft: Caves & Cliffs (Original Game Soundtrack),1rS0shatbNllpnH2iNopzK
Comforting Memories,"Kumi Tanioka, Minecraft",Minecraft: Caves & Cliffs (Original Game Soundtrack),7n2hj4qowCNxp8h0pRWNvf
An Ordinary Day,"Kumi Tanioka, Minecraft",Minecraft: Caves & Cliffs (Original Game Soundtrack),3U8YMQSgsLX2q1KjykuJmH
Firebugs,"Lena Raine, Minecraft",Minecraft: The Wild Update (Original Game Soundtrack),4BmywAVIr3B5wzoExUS8j9
Aerie,"Lena Raine, Minecraft",Minecraft: The Wild Update (Original Game Soundtrack),0eCyLXuQvl6P09iymEGTXS
Labyrinthine,"Lena Raine, Minecraft",Minecraft: The Wild Update (Original Game Soundtrack),5MRnkYgWKRHhpFDNUA5eP1
Chrysopoeia,"Lena Raine, Minecraft",Minecraft: Nether Update (Original Game Soundtrack),6UhcflIf0TT3Rg2JBU5E5W
Rubedo,"Lena Raine, Minecraft",Minecraft: Nether Update (Original Game Soundtrack),4WSFiuuHYaWI8ZonADPKPX
So Below,"Lena Raine, Minecraft",Minecraft: Nether Update (Original Game Soundtrack),2KRhL2X7HT5lSAAMocT6Jl
Pigstep (Stereo Mix),"Lena Raine, Minecraft",Minecraft: Nether Update (Original Game Soundtrack),2TmUt0ofWMa02MdYkKhK4C
Echo in the Wind,"Aaron Cherof, Minecraft",Minecraft: Trails & Tales (Original Game Soundtrack),69313Y4puazeLhvvG3qMf9
A Familiar Room,"Aaron Cherof, Minecraft",Minecraft: Trails & Tales (Original Game Soundtrack),6r9civQUuAon4vhOX0rFln
Bromeliad,"Aaron Cherof, Minecraft",Minecraft: Trails & Tales (Original Game Soundtrack),0MovR332DWcrStqsU1TdUQ
Crescent Dunes,"Aaron Cherof, Minecraft",Minecraft: Trails & Tales (Original Game Soundtrack),7xa3C3vAkFhsj6BP9cFtox
Relic,"Aaron Cherof, Minecraft",Minecraft: Trails & Tales (Original Game Soundtrack),2p7THMcCrDvFLiSfBRyXav
Featherfall,"Aaron Cherof, Minecraft",Minecraft: Tricky Trials (Original Game Soundtrack),48sAmGJGCdhQXbveYWbZKT
Watcher,"Aaron Cherof, Minecraft",Minecraft: Tricky Trials (Original Game Soundtrack),2xwQlK7rAWi4WJ7PU470rc
Puzzlebox,"Aaron Cherof, Minecraft",Minecraft: Tricky Trials (Original Game Soundtrack),3TNBNBmUMrNXMMigh7NrHC
komorebi,"Kumi Tanioka, Minecraft",Minecraft: Tricky Trials (Original Game Soundtrack),04AvGqDoXoHO9pBw9xa9Sn
pokopoko,"Kumi Tanioka, Minecraft",Minecraft: Tricky Trials (Original Game Soundtrack),7AgTdfT06ZXz90EAdCmwAr
yakusoku,"Kumi Tanioka, Minecraft",Minecraft: Tricky Trials (Original Game Soundtrack),4IcYrSats62PwEjOS7G3Lc
Deeper,"Lena Raine, Minecraft",Minecraft: Tricky Trials (Original Game Soundtrack),46fS3axJkd5O8XROLNCTls
Eld Unknown,"Lena Raine, Minecraft",Minecraft: Tricky Trials (Original Game Soundtrack),0AwarYB7xRzgQofzOsUnMf
Endless,"Lena Raine, Minecraft",Minecraft: Tricky Trials (Original Game Soundtrack),0YLfoTo7oaCDSXjrGwc3cg
Creator,"Lena Raine, Minecraft",Minecraft: Tricky Trials (Original Game Soundtrack),1mbLvyFNIifliPtmMmRQN9
Creator (Music Box Version),"Lena Raine, Minecraft",Minecraft: Tricky Trials (Original Game Soundtrack),4gQrYiX4TJ4YxkxLPzuOVV
Precipice,"Aaron Cherof, Minecraft",Minecraft: Tricky Trials (Original Game Soundtrack),2I3SfDBpiBZjAqYm547JF3
